<language Name="HTML" CaseSensitivity="false" DefaultFileExtensions="html,htm" StartsWith="starttag,endtag,comment,ampnames">
	<tokens>
		<token Name="starttag" StartString="&lt;[A-Z]+[A-Z,_]+" EndString="(&gt;|\/&gt;)">
			<nested_tokens names="comment,key,operator,singleString,doubleString,number,boolean,ampnames" />
		</token>
		<token Name="endtag" StartString="&lt;/[A-Z]+[A-Z,_]+" EndString="&gt;" />
		<token Name="comment" StartString="&lt;!--" EndString="--&gt;">
			<nested_tokens names="comment" />
		</token>
		<token Name="key" TokenString="(([_])([_,A-Z,0-9]+))|([A-Z][_,A-Z,0-9]+)" />
		<token Name="operator" TokenString="=" />
		<token Name="singleString" StartString="&apos;" EndString="&apos;" ignoreTerminateStringList="True" />
		<token Name="doubleString" StartString="&quot;" EndString="&quot;" ignoreTerminateStringList="True" />
		<token Name="number" TokenString="[-+]?[0-9]+\.?[0-9]*" />
		<token Name="boolean" TokenString="(true|false)" />
		<token Name="ampnames" TokenString="(&amp;amp;|&amp;nbsp;|&amp;lt;|&amp;gt;|&amp;quot;|&amp;apos;|&amp;#\d{1,5}\;|&amp;#x[0-9,A-F]{1,4}\;)" />
	</tokens>
</language>
